Workbook
Name _IVR2: '[2]Recording,Phone,Headset,PC'!$A$1:$D$106
Name _me07: #REF!
Name _me07: #REF!
Name ADAM: 68%
Name ADAM_Discount_std: 68%
Name Admin_connectivity: [3]Parameters!$B$14
Name AP_Discount_Maximum: 70%
Name AP_Discount_Std: 60%
Name AP_Except_Disc: 60%
Name Aus_Sales_Tax: 22%
Name baseline: '[4]2.일정추적'!#REF!
Name baseline: '[4]2.일정추적'!#REF!
Name bb: #REF!
Name bb: #REF!
Name bias: #REF!
Name bias: #REF!
Name bot_line_amount1: [5]EPro!$G$16
Name bx8000_disc: #REF!
Name bx8000_disc: #REF!
Name bx9000_disc: #REF!
Name bx9000_disc: #REF!
Name cabinet_disc: #REF!
Name cabinet_disc: #REF!
Name cable_disc: #REF!
Name cable_disc: #REF!
Name Category: #REF!
Name Category: #REF!
Name cause: #REF!
Name cause: #REF!
Name CBC_BSC_TEI_License___Alcatel: [3]Parameters!$B$9
Name CBC_BSC_TEI_License___Ericcsson: [3]Parameters!$B$6
Name CBC_BSC_TEI_License___Lucent: [3]Parameters!$B$8
Name CBC_BSC_TEI_License___Motorola: [3]Parameters!$B$10
Name CBC_BSC_TEI_License___Nokia: [3]Parameters!$B$5
Name CBC_BSC_TEI_License___Nortel: [3]Parameters!$B$7
Name CBC_BSC_TEI_License___Siemens: [3]Parameters!$B$4
Name cbx500_disc: #REF!
Name cbx500_disc: #REF!
Name cc: #REF!
Name cc: #REF!
Name Code: #REF!
Name Code: #REF!
Name COGSTable: [6]COGS!$A$4:$C$91
Name Comments: #REF!
Name Comments: #REF!
Name compiler: #REF!
Name compiler: #REF!
Name Cost: #REF!
Name Cost: #REF!
Name cs_01: #REF!
Name cs_01: #REF!
Name cs_02: #REF!
Name cs_02: #REF!
Name cs_03: #REF!
Name cs_03: #REF!
Name cs_04: #REF!
Name cs_04: #REF!
Name cs_05: #REF!
Name cs_05: #REF!
Name cs_06: #REF!

Sheet Prj 주간실적
B1: XX주차 주간보고
C3: 프로젝트 | D3: 프로젝트명 기입
C4: 기 간 | D4: 2020.02.17 ~ 2020.02.21
C5: 실제/목표 진도율 | D5: 70.27% / 78.36% | G5: 진행중 Activity | H5: =COUNTIF('Prj Activity 관리'!E4:E100, "진행중") & "건" -> 0건
C6: 진행중 Issue | D6: =COUNTIF('Prj 이슈관리'!G5:G41,"진행중") & " 건" -> 0 건 | G6: 진행중 Risk | H6: =COUNTIF('Prj Risk관리'!I5:I84, "진행중") & " 건" -> 0 건
C7: 금 주 실 적 | G7: 차 주 계 획
B8: 프로젝트 관리
B9: 분석/ 설계
B10: 구현 | C10: 1. 포탈/그룹웨어 - Web Part 개발 · 전사공지, 최근게시, 일정관리, 자원예약, Link Service, 결재정보, 메일정보, 식단표, 경조사, Quick Menu, Live Poll, 복합기 SLO, 개인문서함 메인 2. 전자결재 - 연동양식 개발 완료 - Migration Tools 개발 3. 테스트 - 전체 모듈에 대하여 단위 테스트 시행 | G10: 1. 고객 통합테스트 지원 - 1차(2/24 ~ 2/28) 동양네트웍스
B11: 배포/이행 | G11: 1. 운영서버 Application 설치 및 셋팅
B12: 안정화
B13: 기타
B14: 비고

Sheet Prj Activity 관리
A1: Activity 관리
A2: 작성자 | C2: 이름 | E2: 작성일자 | G2: 43833
A3: Activity ID | B3: Activity | C3: 발생일자 | D3: 담당자 | E3: 진행상태 | F3: 완료예정일 | G3: 완료일 | H3: 비고
A4: HAN-ACT-001 | B4: 메인, 로그인 디자인 템플릿 선정 | C4: 43811 | D4: 한만영 | E4: 완료 | F4: 43822 | G4: 43840
A5: HAN-ACT-002 | B5: 전자결재 연동문서 마이그레이션 I/F 관련 영림원 가이드 제공 | C5: 43833 | D5: 한만영 | E5: 완료 | G5: 43840
A6: HAN-ACT-003 | B6: 전자결재 제목 자동완성 의사결정 | C6: 43844 | D6: 정용현 | E6: 완료 | F6: 43847 | G6: 43851
A7: HAN-ACT-004 | B7: PC반출입등 양식 통합에 대한 의사결정 | C7: 43844 | D7: 정용현 | E7: 완료 | F7: 43847 | G7: 43851
A8: HAN-ACT-005 | B8: 중간보고 방안 및 일정 결정 | C8: 43844 | D8: 정용현 | E8: 완료 | F8: 43847 | G8: 43851
A9: HAN-ACT-006 | B9: 포탈 디자인 콘텐츠에 대한 의견 제시 | C9: 43844 | D9: 정용현 | E9: 완료 | F9: 43847 | G9: 43851

Sheet Prj Risk관리
B2: ="Prj.명 : "&'Prj 주간실적'!D3 -> Prj.명 : 프로젝트명 기입 | D2: Risk 관리 | J2: ="수행기간 : " &'Prj 주간실적'!D4 -> 수행기간 : 2020.02.17 ~ 2020.02.21
B4: No | C4: 이슈내용 | D4: 대상 모듈 | E4: 발생일자 | F4: 출처 | G4: 해결방안 | H4: 진행 상태 | I4: 완료여부 | J4: 완료일 | K4: 비고
B5: =ROW()-4 -> 1
B6: =ROW()-4 -> 2
B7: =ROW()-4 -> 3
B8: =ROW()-4 -> 4
B9: =ROW()-4 -> 5
B10: =ROW()-4 -> 6
B11: =ROW()-4 -> 7
B12: =ROW()-4 -> 8
B13: =ROW()-4 -> 9
B14: =ROW()-4 -> 10
B15: =ROW()-4 -> 11
B16: =ROW()-4 -> 12
... B24: =ROW()-4 -> 20

Sheet Prj 이슈관리
B2: ="Prj.명 : "&'Prj 주간실적'!D3 -> Prj.명 : 프로젝트명 기입 | D2: 이슈관리 | I2: ="수행기간 : " &'Prj 주간실적'!D4 -> 수행기간 : 2020.02.17 ~ 2020.02.21
B4: No | C4: 이슈내용 | D4: 발생일자 | E4: 해결방안 | F4: 진행 상태 | G4: 완료여부 | H4: 완료일 | I4: 비고
B5: =ROW()-4 -> 1 | C5: - 전자결재 PDF 내보내기시 PDF에 첨부파일 넣기 | D5: 43804 | E5: - 상용모듈 구매 후 추가 개발 | F5: - 메일 보내기(본문은 PDF로 첨부, 첨부파일은 첨부로)로 구두 협의 | G5: 완료 | H5: 43875
B6: =ROW()-4 -> 2 | C6: - License 수량 이슈 | D6: 43815 | F6: - 계약된 License 수와 주관사에서 인지하고 있는 라이선스 수량에 차이 발생 | G6: 완료 | H6: 43880
B7: =ROW()-4 -> 3 | C7: 디자인 템플릿 선정을 요청한지 2주가 되어가도록 선정되지 않고 있음 | D7: 44177 | G7: 완료 | H7: 43840
B8: =ROW()-4 -> 4 | C8: 영림원 ERP 연동을 위한 I/F 정보 제공이 지연되고 있음 | D8: 43850 | G8: 완료 | H8: 43858
B9: =ROW()-4 -> 5
B10: =ROW()-4 -> 6
B11: =ROW()-4 -> 7
B12: =ROW()-4 -> 8
B13: =ROW()-4 -> 9
B14: =ROW()-4 -> 10
B15: =ROW()-4 -> 11
B16: =ROW()-4 -> 12
B17: =ROW()-4 -> 13
B18: =ROW()-4 -> 14
B19: =ROW()-4 -> 15
B20: =ROW()-4 -> 16
... B24: =ROW()-4 -> 20
